{
  "input": "public/models/demo/homard-bisque.glb",
  "output": "asset-review/3d-candidates/homard-bisque/homard-bisque.medium-targeted-review-only.glb",
  "ratio": 0.9,
  "minTriangles": 100000,
  "changedObjects": [
    "geometry_0"
  ],
  "before": [
    {
      "objectName": "geometry_0",
      "meshName": "Mesh_0",
      "vertices": 335122,
      "faces": 307141,
      "triangles": 307141,
      "bounds": {
        "min": [
          -0.499528,
          -0.4948,
          -0.336133
        ],
        "max": [
          0.528412,
          0.504701,
          0.172014
        ],
        "size": [
          1.02794,
          0.999501,
          0.508147
        ]
      },
      "lockedSupport": false
    },
    {
      "objectName": "Assiette c\u00e9ramique r\u00e9aliste",
      "meshName": "Mesh_1",
      "vertices": 1729,
      "faces": 3264,
      "triangles": 3264,
      "bounds": {
        "min": [
          -0.72472,
          -0.724939,
          -0.345581
        ],
        "max": [
          0.725202,
          0.724983,
          -0.291581
        ],
        "size": [
          1.449922,
          1.449922,
          0.054
        ]
      },
      "lockedSupport": true
    },
    {
      "objectName": "homard-bisque-opaque-plate-surface",
      "meshName": "Mesh_2",
      "vertices": 518,
      "faces": 512,
      "triangles": 512,
      "bounds": {
        "min": [
          -0.652224,
          -0.652443,
          -0.306581
        ],
        "max": [
          0.652706,
          0.652487,
          -0.300581
        ],
        "size": [
          1.30493,
          1.30493,
          0.006
        ]
      },
      "lockedSupport": true
    }
  ],
  "after": [
    {
      "objectName": "geometry_0",
      "meshName": "Mesh_0",
      "vertices": 313168,
      "faces": 276426,
      "triangles": 276426,
      "bounds": {
        "min": [
          -0.499528,
          -0.4948,
          -0.336133
        ],
        "max": [
          0.528412,
          0.504701,
          0.172014
        ],
        "size": [
          1.02794,
          0.999501,
          0.508147
        ]
      },
      "lockedSupport": false
    },
    {
      "objectName": "Assiette c\u00e9ramique r\u00e9aliste",
      "meshName": "Mesh_1",
      "vertices": 1729,
      "faces": 3264,
      "triangles": 3264,
      "bounds": {
        "min": [
          -0.72472,
          -0.724939,
          -0.345581
        ],
        "max": [
          0.725202,
          0.724983,
          -0.291581
        ],
        "size": [
          1.449922,
          1.449922,
          0.054
        ]
      },
      "lockedSupport": true
    },
    {
      "objectName": "homard-bisque-opaque-plate-surface",
      "meshName": "Mesh_2",
      "vertices": 518,
      "faces": 512,
      "triangles": 512,
      "bounds": {
        "min": [
          -0.652224,
          -0.652443,
          -0.306581
        ],
        "max": [
          0.652706,
          0.652487,
          -0.300581
        ],
        "size": [
          1.30493,
          1.30493,
          0.006
        ]
      },
      "lockedSupport": true
    }
  ],
  "risk": "lossy targeted geometry candidate; plate/support/contact meshes locked; visual QA required"
}
