{
  "input": "public/models/demo/souffle-chocolat.glb",
  "output": "asset-review/3d-candidates/souffle-chocolat/souffle-chocolat.aggressive-targeted-review-only.glb",
  "ratio": 0.65,
  "minTriangles": 100000,
  "changedObjects": [
    "geometry_0"
  ],
  "before": [
    {
      "objectName": "geometry_0",
      "meshName": "geometry_0",
      "vertices": 296723,
      "faces": 279262,
      "triangles": 279262,
      "bounds": {
        "min": [
          -0.597346,
          -0.598452,
          -0.217731
        ],
        "max": [
          0.582766,
          0.535461,
          0.204107
        ],
        "size": [
          1.180112,
          1.133912,
          0.421838
        ]
      },
      "lockedSupport": false
    },
    {
      "objectName": "Assiette c\u00e9ramique r\u00e9aliste",
      "meshName": "Mesh_Assiette_Ceramique",
      "vertices": 1729,
      "faces": 3264,
      "triangles": 3264,
      "bounds": {
        "min": [
          -0.862871,
          -0.887077,
          -0.249731
        ],
        "max": [
          0.848291,
          0.824086,
          -0.195731
        ],
        "size": [
          1.711163,
          1.711163,
          0.054
        ]
      },
      "lockedSupport": true
    },
    {
      "objectName": "Rebord assiette r\u00e9aliste",
      "meshName": "Torus",
      "vertices": 3667,
      "faces": 6912,
      "triangles": 6912,
      "bounds": {
        "min": [
          -0.848327,
          -0.872532,
          -0.214898
        ],
        "max": [
          0.833746,
          0.809541,
          -0.184565
        ],
        "size": [
          1.682073,
          1.682073,
          0.030333
        ]
      },
      "lockedSupport": true
    }
  ],
  "after": [
    {
      "objectName": "geometry_0",
      "meshName": "geometry_0",
      "vertices": 225466,
      "faces": 181520,
      "triangles": 181520,
      "bounds": {
        "min": [
          -0.597387,
          -0.598574,
          -0.217829
        ],
        "max": [
          0.582769,
          0.535477,
          0.204187
        ],
        "size": [
          1.180157,
          1.134052,
          0.422015
        ]
      },
      "lockedSupport": false
    },
    {
      "objectName": "Assiette c\u00e9ramique r\u00e9aliste",
      "meshName": "Mesh_Assiette_Ceramique",
      "vertices": 1729,
      "faces": 3264,
      "triangles": 3264,
      "bounds": {
        "min": [
          -0.862871,
          -0.887077,
          -0.249731
        ],
        "max": [
          0.848291,
          0.824086,
          -0.195731
        ],
        "size": [
          1.711163,
          1.711163,
          0.054
        ]
      },
      "lockedSupport": true
    },
    {
      "objectName": "Rebord assiette r\u00e9aliste",
      "meshName": "Torus",
      "vertices": 3667,
      "faces": 6912,
      "triangles": 6912,
      "bounds": {
        "min": [
          -0.848327,
          -0.872532,
          -0.214898
        ],
        "max": [
          0.833746,
          0.809541,
          -0.184565
        ],
        "size": [
          1.682073,
          1.682073,
          0.030333
        ]
      },
      "lockedSupport": true
    }
  ],
  "risk": "lossy targeted geometry candidate; plate/support/contact meshes locked; visual QA required"
}
