{
  "input": "public/models/demo/ravioles-chevre-miel.glb",
  "output": "asset-review/3d-candidates/ravioles-chevre-miel/ravioles-chevre-miel.medium-targeted-review-only.glb",
  "ratio": 0.9,
  "minTriangles": 100000,
  "changedObjects": [
    "geometry_0",
    "geometry_0.001"
  ],
  "before": [
    {
      "objectName": "geometry_0",
      "meshName": "Mesh_0",
      "vertices": 1231088,
      "faces": 411031,
      "triangles": 411031,
      "bounds": {
        "min": [
          -0.498811,
          -0.498373,
          -0.196077
        ],
        "max": [
          0.50274,
          0.500009,
          0.100047
        ],
        "size": [
          1.001551,
          0.998382,
          0.296124
        ]
      },
      "lockedSupport": false
    },
    {
      "objectName": "geometry_0.001",
      "meshName": "Mesh_1",
      "vertices": 433119,
      "faces": 411031,
      "triangles": 411031,
      "bounds": {
        "min": [
          -0.498811,
          -0.498373,
          -0.196077
        ],
        "max": [
          0.50274,
          0.500009,
          0.100047
        ],
        "size": [
          1.001551,
          0.998382,
          0.296124
        ]
      },
      "lockedSupport": false
    },
    {
      "objectName": "Assiette c\u00e9ramique r\u00e9aliste",
      "meshName": "Mesh_2",
      "vertices": 1729,
      "faces": 3264,
      "triangles": 3264,
      "bounds": {
        "min": [
          -0.724961,
          -0.724597,
          -0.187334
        ],
        "max": [
          0.724823,
          0.725187,
          -0.133334
        ],
        "size": [
          1.449784,
          1.449784,
          0.054
        ]
      },
      "lockedSupport": true
    },
    {
      "objectName": "ravioles-chevre-miel-opaque-plate-surface",
      "meshName": "Mesh_3",
      "vertices": 518,
      "faces": 512,
      "triangles": 512,
      "bounds": {
        "min": [
          -0.652472,
          -0.652108,
          -0.148334
        ],
        "max": [
          0.652333,
          0.652698,
          -0.142334
        ],
        "size": [
          1.304806,
          1.304806,
          0.006
        ]
      },
      "lockedSupport": true
    }
  ],
  "after": [
    {
      "objectName": "geometry_0",
      "meshName": "Mesh_0",
      "vertices": 1189985,
      "faces": 369927,
      "triangles": 369927,
      "bounds": {
        "min": [
          -0.498811,
          -0.498373,
          -0.196077
        ],
        "max": [
          0.50274,
          0.500009,
          0.100047
        ],
        "size": [
          1.001551,
          0.998382,
          0.296124
        ]
      },
      "lockedSupport": false
    },
    {
      "objectName": "geometry_0.001",
      "meshName": "Mesh_1",
      "vertices": 404010,
      "faces": 369926,
      "triangles": 369926,
      "bounds": {
        "min": [
          -0.498811,
          -0.498373,
          -0.196077
        ],
        "max": [
          0.50274,
          0.500009,
          0.100047
        ],
        "size": [
          1.001551,
          0.998382,
          0.296124
        ]
      },
      "lockedSupport": false
    },
    {
      "objectName": "Assiette c\u00e9ramique r\u00e9aliste",
      "meshName": "Mesh_2",
      "vertices": 1729,
      "faces": 3264,
      "triangles": 3264,
      "bounds": {
        "min": [
          -0.724961,
          -0.724597,
          -0.187334
        ],
        "max": [
          0.724823,
          0.725187,
          -0.133334
        ],
        "size": [
          1.449784,
          1.449784,
          0.054
        ]
      },
      "lockedSupport": true
    },
    {
      "objectName": "ravioles-chevre-miel-opaque-plate-surface",
      "meshName": "Mesh_3",
      "vertices": 518,
      "faces": 512,
      "triangles": 512,
      "bounds": {
        "min": [
          -0.652472,
          -0.652108,
          -0.148334
        ],
        "max": [
          0.652333,
          0.652698,
          -0.142334
        ],
        "size": [
          1.304806,
          1.304806,
          0.006
        ]
      },
      "lockedSupport": true
    }
  ],
  "risk": "lossy targeted geometry candidate; plate/support/contact meshes locked; visual QA required"
}
